{
  "parent": "block/cube",
  "textures": {
    "down": "alexidianss_mod:blocks/block.admin_block.texture",
    "up": "alexidianss_mod:blocks/adminsummoningaltartop",
    "north": "alexidianss_mod:blocks/block.admin_block.texture",
    "east": "alexidianss_mod:blocks/block.admin_block.texture",
    "south": "alexidianss_mod:blocks/block.admin_block.texture",
    "west": "alexidianss_mod:blocks/block.admin_block.texture",
    "particle": "alexidianss_mod:blocks/block.admin_block.texture"
  },
  "render_type": "solid"
}