{
  "parent": "block/cube",
  "elements": [
    {
      "from": [
        0,
        0,
        0
      ],
      "to": [
        16,
        32,
        16
      ],
      "faces": {
        "down": {
          "uv": [
            0,
            0
          ],
          "texture": "#texture",
          "cullface": "down"
        },
        "up": {
          "uv": [
            0,
            0
          ],
          "texture": "#texture",
          "cullface": "up"
        },
        "north": {
          "uv": [
            0,
            0
          ],
          "texture": "#texture",
          "cullface": "north"
        },
        "south": {
          "uv": [
            0,
            0
          ],
          "texture": "#texture",
          "cullface": "south"
        },
        "west": {
          "uv": [
            0,
            0
          ],
          "texture": "#texture",
          "cullface": "west"
        },
        "east": {
          "uv": [
            0,
            0
          ],
          "texture": "#texture",
          "cullface": "east"
        }
      }
    }
  ]
}