{
  "parent": "block/cube",
  "textures": {
    "down": "alexidians_admin_mod:blocks/adminwood_log_top",
    "up": "alexidians_admin_mod:blocks/adminwood_log_top",
    "north": "alexidians_admin_mod:blocks/adminwood_log_side",
    "east": "alexidians_admin_mod:blocks/adminwood_log_side",
    "south": "alexidians_admin_mod:blocks/adminwood_log_side",
    "west": "alexidians_admin_mod:blocks/adminwood_log_side",
    "particle": "alexidians_admin_mod:blocks/adminwood_log_top"
  },
  "render_type": "solid"
}