{
  "parent": "block/cube",
  "textures": {
    "down": "alexidians_admin_mod:blocks/bloodvillagerblock",
    "up": "alexidians_admin_mod:blocks/bloodvillagerblock",
    "north": "alexidians_admin_mod:blocks/bloodvillagerblock",
    "east": "alexidians_admin_mod:blocks/bloodvillagerblock",
    "south": "alexidians_admin_mod:blocks/bloodvillagerblock",
    "west": "alexidians_admin_mod:blocks/bloodvillagerblock",
    "particle": "alexidians_admin_mod:blocks/bloodvillagerblock"
  },
  "render_type": "solid"
}